名称,日期
"
		[最新电影]
		2018年动作战争《中国蓝盔》HD国语中英双字
	",日期：2019-01-29 00:56:41 
"
		[最新电影]
		2018年动作喜剧《大师兄》BD国粤双语中字
	",日期：2019-01-26 11:22:08 
"
		[综合电影]
		2018年剧情悬疑《淡蓝琥珀》HD国语中字
	",日期：2018-12-29 21:03:34 
"
		[综合电影]
		2018年动作《失控之枪林弹雨》HD国语中字
	",日期：2018-12-29 21:01:12 
"
		[综合电影]
		2018年奇幻动作《大明平妖传》HD国语中字
	",日期：2018-12-09 20:44:55 
"
		[综合电影]
		2018年剧情《一条叫招财的鱼》HD国语中字
	",日期：2018-12-09 15:39:47 
"
		[最新电影]
		2018年剧情爱情《你好，之华》HD国语中字
	",日期：2018-12-09 15:37:20 
"
		[综合电影]
		2018年动作《东陵盗宝之徐公馆诡事》HD国语中字
	",日期：2018-12-09 15:34:35 
"
		[最新电影]
		2018年高分获奖剧情《阿拉姜色》HD国语中字
	",日期：2018-12-07 01:24:00 
"
		[最新电影]
		2018年动画《昨日青空》HD国语中字
	",日期：2018-12-06 20:50:21 
"
		[最新电影]
		2018年动作喜剧《胖子行动队》HD国语中英双字
	",日期：2018-12-06 20:48:16 
"
		[最新电影]
		2018年剧情《找到你/谜踪》HD国语中字
	",日期：2018-12-06 18:46:08 
"
		[最新电影]
		2018年动作《影/荆州保卫战》HD国语中英双字
	",日期：2018-12-01 22:30:24 
"
		[最新电影]
		2018年动作《功夫联盟》HD国粤双语中字
	",日期：2018-11-29 22:49:14 
"
		[综合电影]
		2018年喜剧《棒打鸳鸯》BD中英双字幕
	",日期：2018-11-28 00:57:39 
"
		[最新电影]
		2018年剧情励志《兄弟班》BD国粤双语中字
	",日期：2018-11-27 22:55:38 
"
		[综合电影]
		2018年动作《狄仁杰之无头神将》HD国语中字
	",日期：2018-11-27 20:59:05 
"
		[综合电影]
		2018年悬疑《新七侠五义之屠龙案》HD国语中字
	",日期：2018-11-26 20:49:40 
"
		[综合电影]
		2018年科幻悬疑《天才J之谜题里的倒计时》HD国语中字
	",日期：2018-11-26 21:47:37 
"
		[综合电影]
		2018年科幻悬疑《天才J之第二个J》HD国语中字
	",日期：2018-11-26 22:34:45 
"
		[最新电影]
		2018年高分获奖剧情《大象席地而坐》HD国语中字
	",日期：2018-11-25 00:36:05 
"
		[综合电影]
		2018年奇幻爱情喜剧《时空同居》BD国语中字
	",日期：2018-11-25 00:27:57 
"
		[最新电影]
		2018年黄渤舒淇王宝强喜剧《一出好戏》BD国语中字
	",日期：2018-11-24 16:12:12 
"
		[最新电影]
		2018年姜文彭于晏动作《邪不压正》HD国语中字
	",日期：2018-11-23 21:37:47 
"
		[最新电影]
		2018年动作《反贪风暴3》BD国粤双语中字
	",日期：2018-11-22 23:29:27 
"
		[最新电影]
		2018年获奖动画《幸福路上》BD国语中字
	",日期：2018-11-22 18:53:27 
"
		[综合电影]
		2018年爱情喜剧《脱单告急》HD国语中字
	",日期：2018-11-22 00:00:07 
"
		[综合电影]
		2018年动作《四大名捕之入梦妖灵》HD国语中字
	",日期：2018-11-19 20:44:51 
"
		[综合电影]
		2018年动作《千门女王之黄雀在后》HD国语中字
	",日期：2018-11-19 00:26:03 
"
		[最新电影]
		2018年纪录片《张艺谋和他的“影”》HD国语中字
	",日期：2018-11-19 00:23:36 
"
		[综合电影]
		2018年剧情爱情《过往的梦》HD国语中英双字
	",日期：2018-11-16 00:11:41 
"
		[综合电影]
		2018年武侠动作《盖世英雄》HD国语中字
	",日期：2018-11-14 14:16:02 
"
		[综合电影]
		2018年悬疑动作《狄仁杰之西域妖姬》HD国语中字
	",日期：2018-11-14 14:14:48 
"
		[综合电影]
		2018年奇幻《封神降魔》HD国语中字
	",日期：2018-11-14 13:00:21 
"
		[综合电影]
		2018年爱情喜剧《有一种喜欢》HD国语中字
	",日期：2018-10-22 10:40:26 
"
		[综合电影]
		2018年奇幻剧情《画皮师2》HD国语中字
	",日期：2018-10-21 18:19:07 
"
		[最新电影]
		2018年悬疑动作《狄仁杰之四大天王》BD国语中字
	",日期：2018-10-20 18:59:00 
"
		[综合电影]
		2018年剧情传记《李宗伟：败者为王》HD中字
	",日期：2018-10-19 09:49:44 
"
		[最新电影]
		2018年奇幻动作《古剑奇谭之流月昭明》HD国语中英双字
	",日期：2018-10-18 16:22:26 
"
		[综合电影]
		2018年剧情《爆裂说唱》HD国语中字
	",日期：2018-10-16 11:17:43 
"
		[综合电影]
		2014年喜剧《江湖论贱实录》HD国语中英双字
	",日期：2018-10-15 22:40:48 
"
		[最新电影]
		2018年获奖剧情《未择之路》HD国语中英双字
	",日期：2018-10-15 22:38:44 
"
		[最新电影]
		2018年动作《蜀山降魔传》BD国粤双语中字
	",日期：2018-10-15 12:17:52 
"
		[综合电影]
		2018年喜剧《让我怎么相信你》HD国语中字
	",日期：2018-10-11 11:06:45 
"
		[综合电影]
		2018年科幻悬疑《怪兽》HD国语中英双字
	",日期：2018-10-11 11:00:16 
"
		[最新电影]
		2018年剧情爱情《江湖儿女》HD国语中字
	",日期：2018-10-08 22:12:28 
"
		[最新电影]
		2018年惊悚恐怖《吉屋》BD国粤双语中字
	",日期：2018-10-08 12:40:19 
"
		[综合电影]
		2018年冒险动作《丛林敢死队》HD国语中字
	",日期：2018-10-07 12:38:49 
"
		[综合电影]
		2018年剧情动作《广东十虎铁桥三》HD国语中字
	",日期：2018-10-07 12:36:50 
"
		[综合电影]
		2018年悬疑《惊慌失色之诡寓》HD国语中英双字
	",日期：2018-09-26 11:16:22 
"
		[最新电影]
		2018年动画喜剧《深海历险记》HD国语中字
	",日期：2018-09-25 18:57:35 
"
		[综合电影]
		2018年动作冒险《夺宝同盟之神秘笔记》HD国语中字
	",日期：2018-09-25 18:54:59 
"
		[综合电影]
		2018年惊悚恐怖《山村古宅》HD国语中字
	",日期：2018-09-25 18:21:43 
"
		[综合电影]
		2018年剧情爱情《萌宠入殓师》HD国语中字
	",日期：2018-09-24 17:43:50 
"
		[最新电影]
		2018年动作《黄飞鸿之南北英雄》BD国粤双语中字
	",日期：2018-08-04 16:45:43 
"
		[综合电影]
		2018年悬疑《迷失地铁》HD国语中字
	",日期：2018-07-01 00:59:35 
"
		[综合电影]
		2018年获奖剧情《黄金花》HD粤语中字
	",日期：2018-07-01 00:57:46 
"
		[综合电影]
		2018年奇幻悬疑《宝塔镇河妖之诡墓龙棺》HD国语中字
	",日期：2018-06-19 00:18:36 
"
		[综合电影]
		2018年动作《低压槽：欲望之城》HD国语中字
	",日期：2018-06-14 23:51:42 
"
		[综合电影]
		2018年剧情喜剧《我是你妈》HD国语中字
	",日期：2018-06-14 20:06:19 
"
		[综合电影]
		2018年高分获奖剧情《米花之味》HD国语中英双字
	",日期：2018-06-13 20:04:23 
"
		[综合电影]
		2018年动作《霍家拳之威震山河》HD国语中字
	",日期：2018-06-12 23:38:45 
"
		[综合电影]
		2018年喜剧《陈翔六点半之铁头无敌》HD国语中字
	",日期：2018-06-12 23:30:34 
"
		[综合电影]
		2018年剧情爱情《一纸婚约》HD国语中字
	",日期：2018-06-11 16:02:48 
"
		[最新电影]
		2018年动画《冰雪女王3：火与冰》HD国英双语中字
	",日期：2018-06-11 10:57:36 
"
		[最新电影]
		2018年吴镇宇古天乐剧情《脱皮爸爸》HD国语中字
	",日期：2018-06-07 16:17:24 
"
		[综合电影]
		2018年悬疑喜剧《抓痒神探》HD国语中字
	",日期：2018-06-07 15:51:31 
"
		[综合电影]
		2018年动作喜剧《灵异侦探社》HD国语中字
	",日期：2018-06-07 15:48:16 
"
		[综合电影]
		2017年剧情爱情《六年，六天》HD国语中字
	",日期：2018-06-06 22:29:35 
"
		[综合电影]
		刘德华何家劲动作《狱中龙》HD国语中字
	",日期：2018-06-06 22:23:46 
"
		[最新电影]
		2017年爱情喜剧《前任3：再见前任》BD国语中字(修正)
	",日期：2018-06-04 23:10:40 
"
		[综合电影]
		2018年动作喜剧《暴走狂花》HD国语中字
	",日期：2018-06-03 17:57:36 
"
		[综合电影]
		2018年奇幻爱情《双世白蛇》HD国语中字
	",日期：2018-05-27 22:28:05 
"
		[综合电影]
		2018年动作《王牌杀手》HD国语中字
	",日期：2018-05-27 22:26:43 
"
		[综合电影]
		林青霞巩俐张敏《天龙八部之天山童姥》BD国粤双语中字
	",日期：2018-05-13 22:22:45 
"
		[综合电影]
		刘德华林青霞张敏《绝代双骄》BD国粤双语中字
	",日期：2018-05-13 22:09:33 
"
		[综合电影]
		2018年惊悚剧情《西北风云》HD国语中字
	",日期：2018-05-12 23:47:51 
"
		[综合电影]
		2018年喜剧《人怕出名猪怕壮》HD国语中字
	",日期：2018-05-12 23:46:30 
"
		[综合电影]
		经典武侠动作《新龙门客栈》BD国粤双语中字
	",日期：2018-05-12 21:36:54 
"
		[最新电影]
		2018年喜剧《闺蜜2：无二不作》BD国语中字
	",日期：2018-05-08 10:29:05 
"
		[综合电影]
		2018年剧情动作《香港大营救》HD国语中英双字
	",日期：2018-05-07 17:45:09 
"
		[综合电影]
		2017年喜剧《我的外星女友》HD国粤双语中字
	",日期：2018-05-06 17:04:46 
"
		[综合电影]
		2018年喜剧《一路春风》HD国语中英双字
	",日期：2018-05-05 00:28:27 
"
		[最新电影]
		2018年纪录片《厉害了，我的国》HD国语中字
	",日期：2018-04-19 18:02:26 
"
		[综合电影]
		2018年动作恐怖《谜巢/蛛网/蛛巢》HD国英双语中字
	",日期：2018-03-23 15:45:35 
"
		[综合电影]
		2018年古装喜剧《金装少年唐伯虎》HD国语中字
	",日期：2018-03-22 21:49:55 
"
		[综合电影]
		2018年喜剧《疯狂熊孩子》HD国语中字
	",日期：2018-03-22 16:13:56 
"
		[综合电影]
		2017年喜剧《陈翔六点半之废话少说》HD国语中字
	",日期：2018-03-02 17:27:25 
"
		[综合电影]
		2017年张涵予黎明动作《抢红/Z计划》BD国语中字
	",日期：2018-03-01 21:39:42 
"
		[综合电影]
		2017年喜剧《笑嗷喜剧人》HD国语中字
	",日期：2018-03-01 19:17:01 
"
		[综合电影]
		2017年喜剧《乱世豪情》HD国语中字
	",日期：2018-03-01 14:18:42 
"
		[最新电影]
		2017年刘青云古天乐动作《毒。诫》BD国粤双语中字
	",日期：2018-03-01 13:12:14 
"
		[综合电影]
		2017年剧情《识色，幸也》HD国语中英双字
	",日期：2018-03-01 13:08:40 
"
		[综合电影]
		2018年剧情悬疑《不良街区》HD国语中字
	",日期：2018-03-01 13:05:53 
"
		[综合电影]
		2017年剧情《远亲》HD国语中字
	",日期：2018-02-28 11:14:50 
"
		[最新电影]
		2018年动作喜剧《卧底巨星》HD国粤双语中字
	",日期：2018-02-12 19:47:47 
"
		[综合电影]
		2017年冒险动作《极致追击》HD中字
	",日期：2018-02-11 20:01:42 
"
		[最新电影]
		2017年悬疑动作《追捕》BD中字
	",日期：2018-02-11 09:48:25 
"
		[最新电影]
		2017年动作《狂兽》BD国粤双语中字
	",日期：2018-02-11 09:46:51 
"
		[综合电影]
		2016年剧情《一句顶一万句》HD国语中英双字幕
	",日期：2018-02-10 09:20:47 
"
		[综合电影]
		2017年剧情《老兽/日月星辰/老混蛋》HD国语中字
	",日期：2018-02-09 22:49:33 
"
		[最新电影]
		2017年剧情悬疑《推理笔记电影版》HD国语中英双字幕
	",日期：2018-02-09 20:13:36 
"
		[最新电影]
		2017年恐怖喜剧《妖铃铃/妖妖铃》HD国粤双语中字
	",日期：2018-02-09 09:40:50 
"
		[最新电影]
		2017年陈凯歌执导奇幻悬疑《妖猫传》HD国语中字
	",日期：2018-02-05 15:59:29 
"
		[综合电影]
		2018年动作喜剧《大梦西游4伏妖记》HD国语中字
	",日期：2018-01-12 23:00:35 
"
		[最新电影]
		2017年剧情《巨额来电/反诈风暴》HD国语中字
	",日期：2018-01-12 19:53:35 
"
		[综合电影]
		2017年剧情惊悚《你在哪》HD国语中字
	",日期：2018-01-12 15:44:54 
"
		[综合电影]
		2017年恐怖《七月半3：灵触第七感》HD国语中字
	",日期：2018-01-12 15:38:33 
"
		[综合电影]
		2017年家庭喜剧《我们全家不太熟》HD国语中字
	",日期：2018-01-11 22:32:21 
"
		[最新电影]
		2017年喜剧《猪太郎的夏天》HD国语中英双字
	",日期：2018-01-11 14:31:53 
"
		[综合电影]
		2018年悬疑动作《杀无赦I入局》HD国语中英双字
	",日期：2018-01-07 21:00:49 
"
		[综合电影]
		2018年悬疑动作《杀无赦II逃亡之路》HD国语中英双字
	",日期：2018-01-07 20:58:14 
"
		[综合电影]
		2018年悬疑动作《杀无赦III背水一战》HD国语中英双字
	",日期：2018-01-07 20:56:02 
"
		[最新电影]
		2017年动作《绣春刀II：修罗战场/绣春刀2》BD国语中字
	",日期：2018-01-06 21:05:07 
"
		[综合电影]
		2017年恐怖《新僵尸先生》HD国语中字
	",日期：2018-01-06 11:42:19 
"
		[综合电影]
		2017年悬疑惊悚《深宫怨灵》HD国语中字
	",日期：2018-01-06 11:40:03 
"
		[综合电影]
		2017年冒险剧情《七十七天》HD国语中字
	",日期：2018-01-05 23:15:29 
"
		[综合电影]
		2017年喜剧《这就是命》HD国语中字
	",日期：2018-01-04 23:13:01 
"
		[综合电影]
		2017年喜剧《青春逗》HD国语中字
	",日期：2018-01-04 23:10:01 
"
		[最新电影]
		2017年高分纪录片《地球：神奇的一天》HD国语中字
	",日期：2017-12-27 22:59:07 
"
		[最新电影]
		2017年奇幻喜剧《羞羞的铁拳》HD国语中字
	",日期：2017-12-23 10:36:00 
"
		[综合电影]
		2017年剧情喜剧《恋爱之瘾》BD国粤双语中字
	",日期：2017-12-22 18:47:38 
"
		[综合电影]
		2017年动作《空天猎/霸天狼》HD国语中字
	",日期：2017-11-24 18:22:34 
"
		[最新电影]
		2017年彭于晏倪妮奇幻动作《悟空传》BD国粤双语中字
	",日期：2017-11-11 23:57:25 
"
		[综合电影]
		2017年喜剧《西谎极落之太爆太子太空舱》BD国粤双语中字
	",日期：2017-11-11 22:54:05 
"
		[最新电影]
		2017年悬疑惊悚《京城81号2》BD国粤双语中字
	",日期：2017-11-09 19:39:01 
"
		[最新电影]
		2017年动作《战狼2/新战狼》HD国语中字
	",日期：2017-11-03 12:00:25 
"
		[综合电影]
		2017年剧情《私人会所》BD国粤双语中字
	",日期：2017-10-29 11:33:01 
"
		[综合电影]
		2017年剧情动作《茶盗》HD国语中字
	",日期：2017-09-29 14:14:42 
"
		[最新电影]
		2017年动作《绣春刀II：修罗战场/绣春刀2》HD国语中字
	",日期：2017-09-01 22:37:31 
"
		[最新电影]
		2017年爱情喜剧《原谅他77次》HD国语中字
	",日期：2017-08-27 23:16:20 
"
		[最新电影]
		2017年奇幻动作《悟空传》HD国语中字
	",日期：2017-08-22 15:35:35 
"
		[最新电影]
		2017年动作剧情《青禾男高》HD国语中字
	",日期：2017-08-19 20:24:30 
"
		[最新电影]
		2017年获奖剧情《我心雀跃》HD国语中字
	",日期：2017-07-28 22:51:58 
"
		[最新电影]
		2017年周冬雨张孝全爱情喜剧《指甲刀人魔》BD国语中字
	",日期：2017-07-27 20:35:14 
"
		[最新电影]
		2017年黄渤徐静蕾悬疑惊悚《记忆大师》HD国语中字
	",日期：2017-07-25 22:05:33 
"
		[最新电影]
		2017年动作《无罪之城》HD国语中字
	",日期：2017-07-25 10:59:41 
"
		[最新电影]
		2017年高分获奖剧情《一念无明》HD粤语中字
	",日期：2017-07-23 00:02:15 
"
		[最新电影]
		2017年剧情《台北物语》HD国语中字
	",日期：2017-07-22 23:57:54 
"
		[最新电影]
		2017年段奕宏黄轩动作《非凡任务/猎鹰》BD国语中字
	",日期：2017-06-25 23:13:43 
"
		[最新电影]
		2016年林家栋陈静《此情此刻》BD国粤双语中字
	",日期：2017-06-25 23:07:50 
"
		[最新电影]
		2017年恐怖动作《救僵清道夫/尸奔日记》BD国粤双语中字
	",日期：2017-06-24 18:06:38 
"
		[综合电影]
		2017年刘德华悬疑动作《拆弹专家》HD国语中字
	",日期：2017-06-23 23:34:52 
"
		[综合电影]
		2017年悬疑惊悚《夜闯寡妇村》HD中字
	",日期：2017-06-22 21:41:26 
"
		[综合电影]
		刘德华谭咏麟经典《至尊无上》BD国粤双语中字
	",日期：2017-05-29 23:35:22 
"
		[综合电影]
		周润发经典动作《和平饭店》HD国粤双语中字
	",日期：2017-05-29 23:33:35 
"
		[综合电影]
		2016年剧情《我们的故事》BD中文字幕
	",日期：2017-05-27 21:41:24 
"
		[综合电影]
		2017年悬疑喜剧《提着心吊着胆》HD国语中字
	",日期：2017-05-27 21:38:40 
"
		[综合电影]
		2017年爱情喜剧《爱情冻住了》HD国语中字
	",日期：2017-05-26 20:37:07 
"
		[综合电影]
		2016年剧情爱情《再见瓦城》HD中文字幕
	",日期：2017-05-25 23:50:38 
"
		[最新电影]
		2017年爱情喜剧《合约男女/婚前合约》BD国粤双语中字
	",日期：2017-05-24 18:38:16 
"
		[综合电影]
		2017年爱情喜剧《此情此刻》HD国粤双语中字
	",日期：2017-05-24 18:40:27 
"
		[综合电影]
		2017年爱情喜剧《疯岳撬佳人》HD国语中字
	",日期：2017-04-23 21:41:31 
"
		[最新电影]
		2016年梁朝伟金城武杨颖《摆渡人》BD国粤双语中字
	",日期：2017-03-23 23:53:45 
"
		[综合电影]
		2016年胡歌宋佳悬疑《那年夏天你去了哪里》HD国语中字
	",日期：2017-03-11 22:55:42 
"
		[综合电影]
		2016年爱情喜剧《爱上试睡师》HD国语中字
	",日期：2017-01-28 22:20:07 
"
		[综合电影]
		2016奇幻冒险《勇士之门》HD国语中字
	",日期：2016-12-27 23:58:58 
"
		[综合电影]
		2016年动画喜剧《新大头儿子和小头爸爸2一日成才》HD国语中字
	",日期：2016-11-28 23:23:13 
"
		[综合电影]
		2016年动作喜剧《夺路而逃》HD国语中字
	",日期：2016-11-25 23:44:54 
"
		[综合电影]
		2016年剧情《反贪风暴2》HD国语中字
	",日期：2016-10-27 23:57:00 
"
		[最新电影]
		2016年奇幻悬疑动作《盗墓笔记》HD国语中字
	",日期：2016-09-19 16:04:32 
"
		[综合电影]
		2016年动画喜剧《我叫MT之山口山战记》HD国语中字
	",日期：2016-09-17 20:07:35 
"
		[最新电影]
		2016年刘青云古天乐动作《危城》HD国语中字
	",日期：2016-09-16 20:41:55 
"
		[综合电影]
		2016年悬疑《恐怖爱情故事之死亡公路》HD国语中字
	",日期：2016-08-23 18:43:55 
"
		[综合电影]
		2016年悬疑喜剧《记忆碎片》HD国语中字
	",日期：2016-07-19 23:07:31 
"
		[最新电影]
		2016年爱情喜剧《北京遇上西雅图之不二情书》HD国语中字
	",日期：2016-06-19 21:41:42 
"
		[综合电影]
		2016年悬疑惊悚《妄想症》HD国语中字
	",日期：2016-05-24 20:35:05 
"
		[最新电影]
		2016年动作《西游记之孙悟空三打白骨精》HD国语中字
	",日期：2016-04-09 11:30:23 
"
		[最新电影]
		2016年动作《卧虎藏龙：青冥宝剑》BD国粤双语中字
	",日期：2016-04-08 14:50:05 
"
		[最新电影]
		2015年冯远征秦海璐惊悚《闯入者》HD国语中字
	",日期：2016-04-07 20:18:29 
"
		[综合电影]
		2015年动作《西游记之锁妖封魔塔》HD国语中字
	",日期：2016-03-13 22:23:40 
"
		[最新电影]
		2015年舒淇彭于晏《剩者为王》BD国语中字
	",日期：2016-02-06 00:28:56 
"
		[综合电影]
		2015年悬疑《心迷宫/殡棺》HD国语中字
	",日期：2015-12-28 21:59:48 
"
		[最新电影]
		2015年白百何《陪安东尼度过漫长岁月》HD国语中字
	",日期：2015-12-28 15:46:25 
"
		[最新电影]
		2015年任贤齐舒淇《落跑吧爱情》BD国语中字
	",日期：2015-12-27 18:19:05 
"
		[综合电影]
		2015年喜剧《夏洛特烦恼》HD国语中字
	",日期：2015-11-28 19:58:27 
"
		[综合电影]
		2015年爱情喜剧《爱情攻略》HD国语中字
	",日期：2015-11-28 19:44:43 
"
		[综合电影]
		2015年悬疑惊悚《人皮拼图/面魔》HD国语中字
	",日期：2015-11-27 18:42:14 
"
		[最新电影]
		2015年爱情喜剧《情敌蜜月》HD国语中字
	",日期：2015-10-22 22:10:26 
"
		[综合电影]
		2015年古天乐余文乐动作《谜城/迷城》HD粤语中字
	",日期：2015-09-17 21:37:47 
"
		[综合电影]
		2015年古天乐余文乐动作《谜城/迷城》HD粤语中字
	",日期：2015-09-17 21:37:47 
"
		[综合电影]
		2015年悬疑惊悚《七月半之恐怖宿舍》HD国语中字
	",日期：2015-09-16 22:56:33 
"
		[综合电影]
		2012年爱情喜剧《变身男女》HD国语
	",日期：2015-09-16 22:53:04 
"
		[最新电影]
		2015年刘青云黄晓明《暴疯语》BD国粤双语中字
	",日期：2015-08-23 01:02:38 
"
		[综合电影]
		2015年剧情《天边的孩子》HD国语中字
	",日期：2015-07-21 23:40:07 
"
		[综合电影]
		2015年赵薇黄晓明喜剧《横冲直撞好莱坞》HD国语中字
	",日期：2015-07-20 23:37:45 
"
		[综合电影]
		2015年吴镇宇姚星彤喜剧《土豪520》HD国语中字
	",日期：2015-07-20 23:27:47 
"
		[综合电影]
		2015年惊悚悬疑《封门诡影》HD国语中字
	",日期：2015-06-12 22:30:40 
"
		[综合电影]
		2015年喜剧《将错就错》HD国语中字
	",日期：2015-05-13 00:16:36 
"
		[最新电影]
		2014年动作喜剧《神探驾到》BD国粤双语中字
	",日期：2015-04-03 23:25:26 
"
		[最新电影]
		2014年动作《黄飞鸿之英雄有梦》BD国粤双语中字
	",日期：2015-02-19 14:33:21 
"
		[最新电影]
		2014年喜剧《唐伯虎冲上云霄》HD国粤双语中字
	",日期：2015-02-19 14:29:59 
"
		[最新电影]
		2014年动作《智取威虎山》HD国语中字
	",日期：2015-02-16 19:28:23 
"
		[最新电影]
		2014年悬疑惊悚《催眠大师》BD国语中字
	",日期：2015-02-16 19:27:59 
"
		[综合电影]
		2014年爱情喜剧《精武青春》HD国语中字
	",日期：2015-01-18 22:31:23 
"
		[综合电影]
		2014年悬疑惊悚《血彩/蒲怨》HD国语中字
	",日期：2014-12-10 21:22:31 
"
		[综合电影]
		2014年黄秋生爱情动作《潜龙风云》HD国语中字
	",日期：2014-12-09 19:54:37 
"
		[综合电影]
		2014年惊悚悬疑《女生宿舍》HD国语中字
	",日期：2014-11-06 21:48:24 
"
		[综合电影]
		2014年陈乔恩黄晓明爱情《激浪青春》HD国语中字
	",日期：2014-10-07 18:26:25 
"
		[综合电影]
		2013年动作《神偷特工》HD国语中字
	",日期：2014-08-28 22:30:21 
"
		[综合电影]
		2014年奇幻惊悚《非狐外传》HD国语中字
	",日期：2014-07-17 21:09:21 
"
		[最新电影]
		2013年动画《聪明的一休之反斗公主》HD国语中字
	",日期：2014-06-11 20:07:06 
"
		[最新电影]
		2014年爱情喜剧《追爱大布局》720p.BD国语中字
	",日期：2014-05-05 22:42:16 
"
		[最新电影]
		2013年剧情《周恩来的四个昼夜》HD国语中字
	",日期：2014-03-28 23:19:26 
"
		[最新电影]
		2014年喜剧《金牌流浪狗》HD国语中字
	",日期：2014-02-27 22:11:29 
"
		[最新电影]
		2013年爱情喜剧《意外的恋爱时光》HD国语中字
	",日期：2014-01-22 22:25:32 
"
		[最新电影]
		2013年动作《金刚王：死亡救赎》HD国语中字
	",日期：2013-12-19 23:40:34 
"
		[最新电影]
		2013年喜剧《美姐/铁蛋儿的情歌》HD国语中字
	",日期：2013-11-27 21:20:40 
"
		[综合电影]
		2013年喜剧《后院有宝》720p.HD国语中字
	",日期：2013-11-03 21:26:08 
"
		[最新电影]
		2013年惊悚悬疑《笔仙2》720p.HD国语中字
	",日期：2013-10-06 23:12:49 
"
		[综合电影]
		2013年喜剧《干掉客户》720p.HD国语中字
	",日期：2013-09-01 19:44:37 
"
		[最新电影]
		2013年动作《太极侠》720p.HD国语中字
	",日期：2013-08-10 11:14:56 
"
		[最新电影]
		2013年周杰伦动作喜剧《天台爱情》1024x576.BD国语中字
	",日期：2013-08-08 10:13:25 
"
		[综合电影]
		2013年动作喜剧《笑功震武林》720p.HD国语中字
	",日期：2013-07-11 20:06:25 
"
		[最新电影]
		宋佳/黄觉2013年剧情《萧红》1024x576.HD国语中字
	",日期：2013-05-24 15:52:38 
"
		[最新电影]
		2012年历史动作《王的盛宴》720p.BD国语中字
	",日期：2013-03-31 21:23:44 
"
		[综合电影]
		2010年剧情《野蛮妈妈结婚记》720p.国语中字
	",日期：2013-02-13 00:10:12 
"
		[最新电影]
		2012年最新《幸福迷途》720p.HD国语中字
	",日期：2012-12-13 21:23:14 
"
		[综合电影]
		2012年爱情喜剧《稍安勿躁》720p.HD国语中字
	",日期：2012-10-30 18:25:57 
"
		[综合电影]
		2011年爱情喜剧《追爱/长城外面是故乡》720p.HD国语中字
	",日期：2012-09-24 21:14:27 
"
		[最新电影]
		2012年动画《赛尔号2：雷伊与迈尔斯》720p.HD国语中字
	",日期：2012-08-22 16:08:50 
"
		[最新电影]
		杨颖/赵又廷/江珊2012年最新《第一次》720p.BD国语中字
	",日期：2012-07-23 21:11:06 
"
		[最新电影]
		2012最新喜剧《狂奔蚂蚁》720p.HD国语中字
	",日期：2012-07-05 17:57:07 
"
		[最新电影]
		2012最新《超时空救兵》1024x440.HD国语中字
	",日期：2012-06-04 13:47:55 
"
		[最新电影]
		2012最新《烂赌夫斗烂赌妻》720p.BD国粤双语中字
	",日期：2012-05-12 21:10:15 
"
		[综合电影]
		1024分辨率《床下有人》HD国语中字
	",日期：2012-04-15 16:50:43 
"
		[综合电影]
		许氏三兄弟经典《天才与白痴》1024x576.BD国粤双语中字
	",日期：2012-03-12 10:48:41 
"
		[最新电影]
		林志颖、姚笛2012最新《变身男女》DVDscr中字
	",日期：2012-02-11 13:49:12 
"
		[最新电影]
		1024分辨率《翻滚吧！阿信》BD中字
	",日期：2011-12-29 16:42:21 
"
		[最新电影]
		1024分辨率《白蛇传说》BD国粤双语中字
	",日期：2011-11-29 22:09:40 
"
		[最新电影]
		1024分辨率《窃听风云2》BD国粤双语中字
	",日期：2011-11-01 18:34:04 
"
		[综合电影]
		1024分辨率《行运一条龙》HD粤语中字
	",日期：2011-09-19 18:20:19 
"
		[综合电影]
		1024分辨率《那些一见钟情的事》HD国语
	",日期：2011-09-01 16:42:08 
"
		[综合电影]
		1024分辨率《陆小凤传奇之决战前后》HD国语中字
	",日期：2011-08-12 17:08:45 
"
		[最新电影]
		2011最新《假装情侣》DVD中字
	",日期：2011-07-24 15:11:57 
"
		[综合电影]
		刘德华/梁咏琪《龙在江湖》1024x576 国粤双语中字
	",日期：2011-07-08 18:47:50 
"
		[综合电影]
		成龙/洪金宝/元彪《快餐车》1024x560 国粤双语中字
	",日期：2011-06-25 14:19:23 
"
		[综合电影]
		杨紫琼《皇家师姐》1024x560 国粤双语中字
	",日期：2011-06-12 15:47:01 
"
		[综合电影]
		1024分辨率《北京童话》HD国语中字
	",日期：2011-05-14 11:32:00 
"
		[最新电影]
		《老夫子之小水虎传奇》1024x576 国粤双语中字
	",日期：2011-04-23 14:03:07 
"
		[最新电影]
		2011最新《笑着回家》DVD中字
	",日期：2011-04-01 00:49:22 
"
		[综合电影]
		1024分辨率《独家试爱》HD粤语中字
	",日期：2011-02-16 14:08:41 
"
		[综合电影]
		1024分辨率《十分爱》HD粤语中字
	",日期：2011-02-15 12:38:49 
"
		[综合电影]
		1024分辨率《我的最爱》HD粤语中字
	",日期：2011-02-15 12:32:34 
"
		[综合电影]
		甄子丹/于荣光《少年黄飞鸿之铁马骝》1024x576 国粤双语中字
	",日期：2011-02-10 16:01:41 
"
		[综合电影]
		1024分辨率《宝葫芦的秘密》HD国语中字
	",日期：2011-01-03 16:28:36 
"
		[最新电影]
		2010最新蓝正龙/郑靓歆《酷马》DVD中字
	",日期：2010-12-05 15:34:27 
"
		[最新电影]
		秦岚、方中信2010最新《庐山恋2010》DVD中字
	",日期：2010-11-09 14:48:38 
"
		[最新电影]
		张雨绮/余文乐《荒村公寓》1024x576 国粤双语中字
	",日期：2010-10-17 13:42:24 
"
		[综合电影]
		1024分辨率《冲锋陷阵》HD国语无水印
	",日期：2010-09-18 15:13:28 
"
		[最新电影]
		2010动作大片/古天乐吴彦祖《枪王之王》DVD粤语中字
	",日期：2010-08-26 21:05:17 
"
		[最新电影]
		2010最新/高圆圆 李小冉 刘烨《无人驾驶》DVD中字
	",日期：2010-07-22 11:43:47 
"
		[最新电影]
		2010最新动作/任达华《撕票风云/黑白战警》DVD中字
	",日期：2010-06-28 15:17:32 
"
		[综合电影]
		1024分辨率《对门儿》HD国语中字无水印
	",日期：2010-06-15 16:13:28 
"
		[最新电影]
		1024分辨率《叶问2：宗师传奇》BD国语中字无水印
	",日期：2010-06-14 17:06:38 
"
		[综合电影]
		1024分辨率《绝代双骄》HD粤语中字无水印
	",日期：2010-06-11 10:50:17 
"
		[综合电影]
		1024分辨率/刘德华+张学友《江湖》HD粤语中字无水印
	",日期：2010-06-09 12:22:00 
"
		[综合电影]
		1024分辨率《寻找阿依阔勒》HD国语中字无水印
	",日期：2010-06-09 12:10:32 
"
		[最新电影]
		1024分辨率/范冰冰+柳云龙《东风雨》BD国语中字无水印
	",日期：2010-06-08 18:13:14 
"
		[最新电影]
		1024分辨率《岁月神偷》BD国语中字无水印
	",日期：2010-06-06 17:28:34 
"
		[最新电影]
		2010最新任达华/吴君如《岁月神偷》DVD粤语中字
	",日期：2010-06-06 14:35:59 
"
		[综合电影]
		1024分辨率《新兵张本旺》HD国语中字无水印
	",日期：2010-06-05 02:53:12 
"
		[综合电影]
		1024分辨率《荡寇/塑料城市》BD中字无水印
	",日期：2010-06-04 10:30:01 
"
		[综合电影]
		1024分辨率《老鼠爱上猫》HD中字无水印
	",日期：2010-06-02 11:15:24 
"
		[综合电影]
		1024分辨率《冈拉梅朵》BD国语中字无水印
	",日期：2010-05-24 11:32:35 
"
		[最新电影]
		2010最新恐怖《恶胎》DVD粤语中字
	",日期：2010-04-29 12:12:45 
"
		[最新电影]
		1024分辨率《刺陵》BD国语中字无水印
	",日期：2010-04-16 12:15:20 
"
		[最新电影]
		09最新动画《亚瑟和他的迷你王国2》DVD听译中字
	",日期：2010-03-19 18:15:58 
"
		[最新电影]
		2010最新贺岁片《虹猫蓝兔火凤凰》DVD中字
	",日期：2010-03-01 22:13:31 
"
		[综合电影]
		1024分辨率《射雕英雄传之东成西就》BD国语中字无水印
	",日期：2010-01-17 15:58:24 
"
		[最新电影]
		08新片《扣篮对决/扣篮Slam》DVD中字
	",日期：2009-12-15 11:07:30 
"
		[最新电影]
		09剧情新片《不能没有你》DVD中字
	",日期：2009-11-13 10:02:18 
"
		[综合电影]
		1024分辨率《男儿本色》BD国语中字
	",日期：2009-11-04 13:06:08 
"
		[综合电影]
		1024分辨率《爱到底》BD中字
	",日期：2009-10-10 14:36:31 
